{"focal_length_y": 4666.3382227304828, "focal_length_x": 4668.637041983905, "tilt": 6.279775481761833, "size_image": [2048, 2448], "distance_to_rotation_axe": 5440.9584462762841, "elev": 0.0079217831265623317, "angle_offset": 0.88021377034930171, "zero_offset": 0.69112019164399818}