{"focal_length_y": 4689.3563290551347, "focal_length_x": 4691.6257137543171, "tilt": 6.2797672979232697, "size_image": [2048, 2448], "distance_to_rotation_axe": 5466.8404804623278, "elev": 0.0081275975828045376, "angle_offset": 3.37542544473, "zero_offset": 1.3374985665512125}