{"tilt": 0.12104238977816151, "azim": 3.7703833876104835, "elev": 1.3515401315865549, "y": 245.65957990845973, "x": 20.150143304103953, "z": -387.47079638144601}