{"y": 183.98616611557941, "x": 164.04317290790394, "z": -386.18109118734981, "elev": 4.4646651865754858, "tilt": 3.1752537768074904}