{"focal_length_y": 4677.0772096007177, "focal_length_x": 4679.4751287483377, "tilt": 6.279699271481495, "size_image": [2056, 2454], "distance_to_rotation_axe": 5452.836910883686, "elev": 0.0075318158943742178, "angle_offset": 4.0638274522, "zero_offset": 0.64992401436773306}