{"tilt": 6.2778090437379035, "azim": 6.1415188700377144, "elev": 1.8638836022181862, "y": -160.73528017196708, "x": -204.40463237567033, "z": -345.8053405738865}