{"tilt": 3.1852525892692545, "azim": 6.2431448379526593, "elev": 4.4661747526982216, "y": 177.06474761670694, "x": 171.68503229011608, "z": -387.55439681171305}