{"focal_length_y": 4670.85911211, "focal_length_x": 4673.25722106, "tilt": 6.27981433424, "size_image": [2056, 2454], "distance_to_rotation_axe": 5446.28450857, "elev": 0.00732311901071, "angle_offset": 0.88098467281, "zero_offset": 3.83279628682}