{"y": -183.97563037887443, "x": -164.03333050423797, "z": 387.68661076283126, "elev": 4.4646518185637465, "tilt": 0.033655973248793922}