{"focal_length_y": 4695.0883773299838, 
"focal_length_x": 4697.3073545246434, 
"tilt": 6.2797737590139473, 
"size_image": [2048, 2448],
 "distance_to_rotation_axe": 5473.2858600507707,
 "elev": 0.0081582215276130195, 
 "angle_offset": 0.12382478174690847,
 "azim": 0.75632029220807917, 
 "zero_offset": 3.8327778555372571}