{"focal_length_y": 4667.31873469, "focal_length_x": 4669.65538631, "tilt": 6.27981089106, "size_image": [2056, 2454], "distance_to_rotation_axe": 5442.27830114, "elev": 0.00730105065494, "angle_offset": 0.994054299357, "azim": 3.02854990621, "zero_offset": 3.8327709715}