{"square_size": 47, "shape": [8, 6], "corners_points": {"135": [[[827.6179809570312, 1096.736572265625]], [[858.3253173828125, 1095.1795654296875]], [[889.3131713867188, 1093.593017578125]], [[920.5286254882812, 1092.047607421875]], [[952.0916137695312, 1090.4339599609375]], [[984.0885620117188, 1088.938720703125]], [[1016.3262939453125, 1087.5057373046875]], [[1048.9986572265625, 1086.3980712890625]], [[816.2318115234375, 1125.689453125]], [[847.0870971679688, 1124.3026123046875]], [[878.2395629882812, 1122.89111328125]], [[909.626220703125, 1121.55908203125]], [[941.3953857421875, 1120.283203125]], [[973.5298461914062, 1119.047607421875]], [[1005.9786987304688, 1117.873046875]], [[1038.7962646484375, 1116.8902587890625]], [[804.8132934570312, 1154.8331298828125]], [[835.7680053710938, 1153.7286376953125]], [[867.097412109375, 1152.570556640625]], [[898.669677734375, 1151.46630859375]], [[930.5848388671875, 1150.3770751953125]], [[962.9230346679688, 1149.391845703125]], [[995.6087036132812, 1148.525146484375]], [[1028.58203125, 1147.7354736328125]], [[793.3994750976562, 1184.4913330078125]], [[824.504638671875, 1183.527099609375]], [[855.88134765625, 1182.6336669921875]], [[887.6973266601562, 1181.6488037109375]], [[919.7391967773438, 1180.83935546875]], [[952.2937622070312, 1180.130615234375]], [[985.1377563476562, 1179.45849609375]], [[1018.2670288085938, 1178.8463134765625]], [[781.83349609375, 1214.52587890625]], [[813.1675415039062, 1213.7381591796875]], [[844.62939453125, 1212.980712890625]], [[876.597412109375, 1212.36767578125]], [[908.8515625, 1211.701416015625]], [[941.5413818359375, 1211.25439453125]], [[974.5361938476562, 1210.70703125]], [[1007.7852172851562, 1210.4049072265625]], [[770.353759765625, 1244.7530517578125]], [[801.703857421875, 1244.254150390625]], [[833.4592895507812, 1243.7005615234375]], [[865.5413818359375, 1243.2296142578125]], [[897.924072265625, 1242.82470703125]], [[930.73046875, 1242.526611328125]], [[963.873779296875, 1242.334716796875]], [[997.2604370117188, 1242.0631103515625]]], "105": [[[863.2267456054688, 1092.670166015625]], [[900.7322998046875, 1091.7232666015625]], [[938.3377075195312, 1090.7247314453125]], [[975.8287353515625, 1089.791748046875]], [[1013.4559936523438, 1088.8583984375]], [[1051.0618896484375, 1088.174072265625]], [[1088.624755859375, 1087.3824462890625]], [[1126.2366943359375, 1086.927490234375]], [[862.7787475585938, 1122.328125]], [[900.6273803710938, 1121.4169921875]], [[938.3284912109375, 1120.5543212890625]], [[976.1255493164062, 1119.6705322265625]], [[1013.862548828125, 1118.9302978515625]], [[1051.720947265625, 1118.283447265625]], [[1089.45654296875, 1117.7080078125]], [[1127.2115478515625, 1117.3055419921875]], [[862.4662475585938, 1152.3038330078125]], [[900.43603515625, 1151.48583984375]], [[938.4107666015625, 1150.6597900390625]], [[976.3848266601562, 1149.995361328125]], [[1014.3568725585938, 1149.2918701171875]], [[1052.398681640625, 1148.713623046875]], [[1090.39990234375, 1148.3115234375]], [[1128.27294921875, 1147.9791259765625]], [[862.1112670898438, 1182.673095703125]], [[900.3204345703125, 1181.9315185546875]], [[938.4378051757812, 1181.2686767578125]], [[976.5951538085938, 1180.5697021484375]], [[1014.7536010742188, 1180.118896484375]], [[1052.9921875, 1179.5562744140625]], [[1091.2109375, 1179.28466796875]], [[1129.2598876953125, 1178.9530029296875]], [[861.7337036132812, 1213.51318359375]], [[900.142333984375, 1212.8475341796875]], [[938.423095703125, 1212.3050537109375]], [[976.8175659179688, 1211.730712890625]], [[1015.220458984375, 1211.2335205078125]], [[1053.6783447265625, 1210.8626708984375]], [[1092.0738525390625, 1210.6077880859375]], [[1130.35791015625, 1210.4249267578125]], [[861.4107666015625, 1244.7193603515625]], [[899.9625244140625, 1244.1744384765625]], [[938.5494995117188, 1243.6148681640625]], [[977.1463623046875, 1243.135986328125]], [[1015.66552734375, 1242.7403564453125]], [[1054.364013671875, 1242.471923828125]], [[1092.8255615234375, 1242.283203125]], [[1131.352783203125, 1242.0302734375]]], "75": [[[955.432861328125, 1089.73876953125]], [[988.956787109375, 1089.5074462890625]], [[1022.2155151367188, 1089.2642822265625]], [[1055.19873046875, 1088.991455078125]], [[1087.8062744140625, 1088.7818603515625]], [[1120.189453125, 1088.7247314453125]], [[1152.10205078125, 1088.7255859375]], [[1183.5361328125, 1088.9344482421875]], [[966.9639892578125, 1120.065673828125]], [[1000.5839233398438, 1119.7099609375]], [[1033.84716796875, 1119.44140625]], [[1066.846435546875, 1119.2291259765625]], [[1099.4638671875, 1118.991455078125]], [[1131.7847900390625, 1118.8465576171875]], [[1163.721923828125, 1118.883544921875]], [[1195.23974609375, 1119.0743408203125]], [[978.5167846679688, 1150.6162109375]], [[1012.2119750976562, 1150.3238525390625]], [[1045.509765625, 1149.94287109375]], [[1078.5361328125, 1149.661376953125]], [[1111.1915283203125, 1149.4267578125]], [[1143.55322265625, 1149.3612060546875]], [[1175.51025390625, 1149.3199462890625]], [[1206.9700927734375, 1149.492431640625]], [[990.1408081054688, 1181.662353515625]], [[1023.854736328125, 1181.2314453125]], [[1057.2196044921875, 1180.8052978515625]], [[1090.2757568359375, 1180.504638671875]], [[1122.9578857421875, 1180.2945556640625]], [[1155.3800048828125, 1180.1051025390625]], [[1187.2943115234375, 1180.08251953125]], [[1218.7530517578125, 1180.10009765625]], [[1001.83935546875, 1213.11181640625]], [[1035.61181640625, 1212.5914306640625]], [[1068.9580078125, 1212.1630859375]], [[1102.1234130859375, 1211.742919921875]], [[1134.7738037109375, 1211.4195556640625]], [[1167.2506103515625, 1211.2752685546875]], [[1199.1566162109375, 1211.116943359375]], [[1230.7423095703125, 1211.0899658203125]], [[1013.5628051757812, 1244.823486328125]], [[1047.3795166015625, 1244.24951171875]], [[1080.87939453125, 1243.729736328125]], [[1113.939208984375, 1243.2490234375]], [[1146.687255859375, 1242.887939453125]], [[1179.123046875, 1242.576904296875]], [[1211.1416015625, 1242.452392578125]], [[1242.7283935546875, 1242.2974853515625]]],