{"square_size": 47, "shape": [8, 6], "corners_points": {"135": [[[790.6405639648438, 1038.26611328125]], [[823.1128540039062, 1036.16650390625]], [[855.7183837890625, 1034.18115234375]], [[888.7447509765625, 1031.9923095703125]], [[921.9691772460938, 1030.032958984375]], [[955.6715087890625, 1028.0181884765625]], [[989.7042846679688, 1026.152099609375]], [[1024.22802734375, 1024.489013671875]], [[778.9788208007812, 1068.8433837890625]], [[811.5584106445312, 1067.010498046875]], [[844.364013671875, 1065.2015380859375]], [[877.447998046875, 1063.40576171875]], [[911.018310546875, 1061.571044921875]], [[944.9229125976562, 1059.8941650390625]], [[979.1243896484375, 1058.253662109375]], [[1013.7348022460938, 1056.8294677734375]], [[767.1663818359375, 1099.815185546875]], [[799.970458984375, 1098.121337890625]], [[832.9169311523438, 1096.5009765625]], [[866.3192749023438, 1094.8643798828125]], [[899.8925170898438, 1093.4383544921875]], [[933.994873046875, 1091.9144287109375]], [[968.522705078125, 1090.6162109375]], [[1003.2667846679688, 1089.3653564453125]], [[755.4801635742188, 1131.1044921875]], [[788.3353271484375, 1129.6845703125]], [[821.4443969726562, 1128.2803955078125]], [[854.9951782226562, 1126.9017333984375]], [[888.8573608398438, 1125.55419921875]], [[923.1446533203125, 1124.4376220703125]], [[957.7589721679688, 1123.3048095703125]], [[992.6026611328125, 1122.323974609375]], [[743.6336669921875, 1162.76220703125]], [[776.6868896484375, 1161.5860595703125]], [[809.8896484375, 1160.3994140625]], [[843.5985107421875, 1159.2886962890625]], [[877.6004028320312, 1158.240966796875]], [[912.1226806640625, 1157.28857421875]], [[946.8635864257812, 1156.3931884765625]], [[981.9306030273438, 1155.5400390625]], [[731.7515869140625, 1194.7889404296875]], [[764.870361328125, 1193.7803955078125]], [[798.3513793945312, 1192.884033203125]], [[832.2132568359375, 1191.9315185546875]], [[866.4143676757812, 1191.1094970703125]], [[901.0537109375, 1190.379638671875]], [[935.9760131835938, 1189.608642578125]], [[971.1747436523438, 1189.081298828125]]], "105": [[[828.233154296875, 1033.4501953125]], [[867.8372802734375, 1032.0233154296875]], [[907.51220703125, 1030.5797119140625]], [[947.1842651367188, 1029.103759765625]], [[986.8003540039062, 1027.7376708984375]], [[1026.52783203125, 1026.4447021484375]], [[1066.22998046875, 1025.336181640625]], [[1105.7713623046875, 1024.3387451171875]], [[828.1693725585938, 1064.5975341796875]], [[868.043212890625, 1063.28125]], [[907.8505859375, 1061.8975830078125]], [[947.824951171875, 1060.6619873046875]], [[987.5364379882812, 1059.416748046875]], [[1027.53125, 1058.233642578125]], [[1067.36083984375, 1057.200927734375]], [[1107.1507568359375, 1056.37353515625]], [[828.1416015625, 1096.2236328125]], [[868.1884765625, 1094.86962890625]], [[908.2675170898438, 1093.6998291015625]], [[948.3422241210938, 1092.4072265625]], [[988.3650512695312, 1091.3868408203125]], [[1028.5838623046875, 1090.2933349609375]], [[1068.5943603515625, 1089.51806640625]], [[1108.568359375, 1088.6236572265625]], [[828.07080078125, 1128.2528076171875]], [[868.3840942382812, 1127.0357666015625]], [[908.6088256835938, 1125.871337890625]], [[948.98681640625, 1124.7484130859375]], [[989.1675415039062, 1123.7366943359375]], [[1029.6285400390625, 1122.81494140625]], [[1069.7882080078125, 1121.9443359375]], [[1109.9632568359375, 1121.358642578125]], [[828.058349609375, 1160.6978759765625]], [[868.5255737304688, 1159.5865478515625]], [[909.0133056640625, 1158.55810546875]], [[949.5440673828125, 1157.52001953125]], [[990.0390625, 1156.6129150390625]], [[1030.56298828125, 1155.726806640625]], [[1071.071044921875, 1155.033203125]], [[1111.405029296875, 1154.34228515625]], [[828.0411376953125, 1193.531494140625]], [[868.8041381835938, 1192.564208984375]], [[909.5055541992188, 1191.5660400390625]], [[950.1359252929688, 1190.595947265625]], [[990.8610229492188, 1189.67626953125]], [[1031.5953369140625, 1188.983154296875]], [[1072.2486572265625, 1188.31103515625]], [[1112.81494140625, 1187.681884765625]]], "75": [[[925.696533203125, 1029.302978515625]], [[960.9945068359375, 1028.5860595703125]], [[996.140380859375, 1027.9691162109375]], [[1030.9810791015625, 1027.4200439453125]], [[1065.490234375, 1026.7984619140625]], [[1099.580322265625, 1026.376708984375]], [[1133.347900390625, 1026.0521240234375]], [[1166.5333251953125, 1025.8719482421875]], [[938.159423828125, 1061.007080078125]], [[973.5991821289062, 1060.34765625]], [[1008.748291015625, 1059.658935546875]], [[1043.539794921875, 1059.0712890625]], [[1078.034423828125, 1058.4857177734375]], [[1112.2401123046875, 1058.04150390625]], [[1145.9306640625, 1057.709228515625]], [[1179.1600341796875, 1057.5679931640625]], [[950.7763671875, 1093.196044921875]], [[986.235107421875, 1092.423583984375]], [[1021.4276733398438, 1091.6988525390625]], [[1056.26513671875, 1091.033447265625]], [[1090.7442626953125, 1090.4671630859375]], [[1124.8607177734375, 1089.93359375]], [[1158.6243896484375, 1089.619384765625]], [[1191.8250732421875, 1089.4447021484375]], [[963.2789916992188, 1125.634521484375]], [[998.9354248046875, 1124.8743896484375]], [[1034.1297607421875, 1124.104736328125]], [[1069.0494384765625, 1123.4244384765625]], [[1103.51220703125, 1122.7451171875]], [[1137.6943359375, 1122.306396484375]], [[1171.3297119140625, 1121.8028564453125]], [[1204.6405029296875, 1121.620361328125]], [[976.0105590820312, 1158.6993408203125]], [[1011.6575317382812, 1157.7921142578125]], [[1046.864990234375, 1156.9654541015625]], [[1081.7861328125, 1156.1856689453125]], [[1116.3861083984375, 1155.495849609375]], [[1150.5013427734375, 1154.9420166015625]], [[1184.258056640625, 1154.4945068359375]], [[1217.5526123046875, 1154.053466796875]], [[988.6921997070312, 1191.93212890625]], [[1024.5362548828125, 1191.03857421875]], [[1059.80224609375, 1190.0828857421875]], [[1094.6998291015625, 1189.3043212890625]], [[1129.189208984375, 1188.46484375]], [[1163.4388427734375, 1187.8143310546875]], [[1197.1937255859375, 1187.270263671875]], [[1230.5340576171875, 1186.7659912109375]]],