{"square_size": 47, "shape": [8, 6], "corners_points": {"330": [[[842.119140625, 1323.759765625]], [[866.4821166992188, 1324.8446044921875]], [[891.0474853515625, 1325.9320068359375]], [[915.934814453125, 1327.05810546875]], [[941.1791381835938, 1328.165283203125]], [[966.763916015625, 1329.27001953125]], [[992.6080932617188, 1330.4049072265625]], [[1018.779296875, 1331.665771484375]], [[826.1151123046875, 1353.173828125]], [[850.4622802734375, 1354.4267578125]], [[875.0286865234375, 1355.7381591796875]], [[899.9539184570312, 1356.99169921875]], [[925.2059326171875, 1358.3759765625]], [[950.8015747070312, 1359.7105712890625]], [[976.7225341796875, 1361.091796875]], [[1002.8795776367188, 1362.5216064453125]], [[810.0807495117188, 1382.619873046875]], [[834.369873046875, 1384.21923828125]], [[858.9743041992188, 1385.6453857421875]], [[883.8798217773438, 1387.233642578125]], [[909.15673828125, 1388.7132568359375]], [[934.8084716796875, 1390.3675537109375]], [[960.665283203125, 1391.9822998046875]], [[986.8428344726562, 1393.6181640625]], [[793.8213500976562, 1412.462158203125]], [[818.1493530273438, 1414.168212890625]], [[842.7706298828125, 1415.8841552734375]], [[867.724609375, 1417.63330078125]], [[893.0061645507812, 1419.453125]], [[918.6062622070312, 1421.2630615234375]], [[944.575927734375, 1423.087646484375]], [[970.7626342773438, 1424.9163818359375]], [[777.537109375, 1442.407470703125]], [[801.83984375, 1444.4173583984375]], [[826.4660034179688, 1446.3370361328125]], [[851.4216918945312, 1448.3533935546875]], [[876.6834716796875, 1450.3321533203125]], [[902.3899536132812, 1452.4093017578125]], [[928.2928466796875, 1454.4405517578125]], [[954.5537109375, 1456.5789794921875]], [[761.110595703125, 1472.6636962890625]], [[785.4559936523438, 1474.72802734375]], [[810.1153564453125, 1477.0386962890625]], [[835.0660400390625, 1479.18212890625]], [[860.3385009765625, 1481.452392578125]], [[885.9360961914062, 1483.704833984375]], [[911.9251708984375, 1486.05859375]], [[938.2172241210938, 1488.3582763671875]]], "300": [[[835.519287109375, 1325.7982177734375]], [[870.8118896484375, 1326.6519775390625]], [[906.17919921875, 1327.477783203125]], [[941.732421875, 1328.3656005859375]], [[977.459228515625, 1329.10986328125]], [[1013.4710083007812, 1329.9908447265625]], [[1049.5379638671875, 1330.798095703125]], [[1085.7080078125, 1331.7210693359375]], [[828.3775634765625, 1356.264892578125]], [[863.7437744140625, 1357.0946044921875]], [[899.3590087890625, 1358.0286865234375]], [[935.0942993164062, 1358.888427734375]], [[970.9594116210938, 1359.9295654296875]], [[1007.1528930664062, 1360.8013916015625]], [[1043.4007568359375, 1361.829345703125]], [[1079.710205078125, 1362.7686767578125]], [[821.1964111328125, 1386.7445068359375]], [[856.73388671875, 1387.8262939453125]], [[892.4597778320312, 1388.8016357421875]], [[928.385009765625, 1389.8887939453125]], [[964.40673828125, 1390.8634033203125]], [[1000.7421875, 1392.0479736328125]], [[1037.192138671875, 1393.0274658203125]], [[1073.6654052734375, 1394.211181640625]], [[813.880126953125, 1417.7701416015625]], [[849.6404418945312, 1418.84326171875]], [[885.5265502929688, 1420.0633544921875]], [[921.5792236328125, 1421.205078125]], [[957.8400268554688, 1422.3983154296875]], [[994.3064575195312, 1423.5084228515625]], [[1030.9044189453125, 1424.6846923828125]], [[1067.589111328125, 1425.86767578125]], [[806.5120849609375, 1449.0394287109375]], [[842.451904296875, 1450.338623046875]], [[878.4527587890625, 1451.552001953125]], [[914.7396850585938, 1452.8199462890625]], [[951.1260986328125, 1454.127197265625]], [[987.8143310546875, 1455.4266357421875]], [[1024.57666015625, 1456.6109619140625]], [[1061.4481201171875, 1457.9769287109375]], [[799.1317749023438, 1480.6240234375]], [[835.1707763671875, 1482.021728515625]], [[871.4506225585938, 1483.380615234375]], [[907.7802124023438, 1484.7176513671875]], [[944.4153442382812, 1486.181396484375]], [[981.2551879882812, 1487.54931640625]], [[1018.2752685546875, 1488.8980712890625]], [[1055.23974609375, 1490.3133544921875]]], "270": [[[889.8643188476562, 1327.80908203125]], [[926.7680053710938, 1328.298583984375]], [[963.3598022460938, 1328.6705322265625]], [[999.861572265625, 1329.2386474609375]], [[1036.2059326171875, 1329.656005859375]], [[1072.4368896484375, 1330.2025146484375]], [[1108.36962890625, 1330.572998046875]], [[1144.135009765625, 1331.123779296875]], [[894.431884765625, 1358.9481201171875]], [[931.423583984375, 1359.400634765625]], [[968.2486572265625, 1359.822509765625]], [[1004.8555297851562, 1360.26220703125]], [[1041.344970703125, 1360.6513671875]], [[1077.6739501953125, 1361.0577392578125]], [[1113.839599609375, 1361.551025390625]], [[1149.6693115234375, 1361.962890625]], [[898.9376220703125, 1390.38037109375]], [[936.1712036132812, 1390.74560546875]], [[973.1237182617188, 1391.130126953125]], [[1009.867431640625, 1391.547607421875]], [[1046.502197265625, 1391.8956298828125]], [[1083.1114501953125, 1392.3665771484375]], [[1119.333251953125, 1392.6451416015625]], [[1155.4207763671875, 1393.1123046875]], [[903.5493774414062, 1422.2066650390625]], [[940.85888671875, 1422.501953125]], [[978.0418090820312, 1422.83203125]], [[1014.9558715820312, 1423.22705078125]], [[1051.784423828125, 1423.5897216796875]], [[1088.4420166015625, 1423.847412109375]], [[1124.918701171875, 1424.2957763671875]], [[1161.134033203125, 1424.5770263671875]], [[908.1815185546875, 1454.3773193359375]], [[945.6918334960938, 1454.6351318359375]], [[982.960205078125, 1454.8836669921875]], [[1020.194580078125, 1455.291748046875]], [[1057.080810546875, 1455.564697265625]], [[1093.9407958984375, 1455.8837890625]], [[1130.494873046875, 1456.1591796875]], [[1166.900390625, 1456.4776611328125]], [[912.8779296875, 1486.787353515625]], [[950.511474609375, 1487.0501708984375]], [[988.0518188476562, 1487.3740234375]], [[1025.3289794921875, 1487.6033935546875]], [[1062.447265625, 1487.868408203125]], [[1099.4183349609375, 1488.1396484375]], [[1136.227783203125, 1488.4315185546875]], [[1172.6612548828125, 1488.5828857421875]]],