{"square_size": 47, "shape": [8, 6], "corners_points": {"330": [[[809.9175415039062, 1276.9678955078125]], [[835.9196166992188, 1277.5445556640625]], [[862.1322021484375, 1278.092529296875]], [[888.715087890625, 1278.640869140625]], [[915.5685424804688, 1279.3096923828125]], [[942.8646240234375, 1279.8421630859375]], [[970.4602661132812, 1280.4583740234375]], [[998.2528686523438, 1281.200927734375]], [[793.2335815429688, 1307.7357177734375]], [[819.2196655273438, 1308.454833984375]], [[845.4398193359375, 1309.27197265625]], [[872.0310668945312, 1310.0706787109375]], [[898.9490356445312, 1310.860595703125]], [[926.2564697265625, 1311.7030029296875]], [[953.8421630859375, 1312.52734375]], [[981.7343139648438, 1313.4263916015625]], [[776.4944458007812, 1338.520263671875]], [[802.3106689453125, 1339.635986328125]], [[828.5938110351562, 1340.563232421875]], [[855.2987060546875, 1341.58154296875]], [[882.1889038085938, 1342.6409912109375]], [[909.5265502929688, 1343.6151123046875]], [[937.1467895507812, 1344.8052978515625]], [[965.0272827148438, 1345.8756103515625]], [[759.4779663085938, 1369.7786865234375]], [[785.4308471679688, 1370.9532470703125]], [[811.6834106445312, 1372.1680908203125]], [[838.3775634765625, 1373.43212890625]], [[865.2785034179688, 1374.69189453125]], [[892.6477661132812, 1376.0152587890625]], [[920.3140869140625, 1377.3077392578125]], [[948.209228515625, 1378.6845703125]], [[742.4108276367188, 1401.12646484375]], [[768.3057861328125, 1402.6478271484375]], [[794.6400756835938, 1404.0775146484375]], [[821.3173828125, 1405.5450439453125]], [[848.2750244140625, 1407.08935546875]], [[875.6505737304688, 1408.5654296875]], [[903.323486328125, 1410.1866455078125]], [[931.2951049804688, 1411.741455078125]], [[725.2180786132812, 1432.7908935546875]], [[751.2367553710938, 1434.4132080078125]], [[777.48681640625, 1436.200927734375]], [[804.2097778320312, 1437.7845458984375]], [[831.15478515625, 1439.5836181640625]], [[858.5733642578125, 1441.3114013671875]], [[886.269287109375, 1443.16259765625]], [[914.2344970703125, 1445.0069580078125]]], "300": [[[803.4240112304688, 1278.9991455078125]], [[840.7344970703125, 1279.1650390625]], [[878.2040405273438, 1279.3729248046875]], [[915.8228149414062, 1279.5345458984375]], [[953.5846557617188, 1279.8013916015625]], [[991.6820068359375, 1280.020263671875]], [[1029.79931640625, 1280.2781982421875]], [[1068.03173828125, 1280.48046875]], [[796.3693237304688, 1310.5958251953125]], [[833.9403076171875, 1310.9056396484375]], [[871.5218505859375, 1311.2265625]], [[909.3819580078125, 1311.490966796875]], [[947.379638671875, 1311.7764892578125]], [[985.5888061523438, 1312.1275634765625]], [[1023.9368286132812, 1312.441650390625]], [[1062.312744140625, 1312.82177734375]], [[789.3580322265625, 1342.4669189453125]], [[826.9700927734375, 1342.8997802734375]], [[864.8400268554688, 1343.3172607421875]], [[902.8845825195312, 1343.6478271484375]], [[940.9937744140625, 1344.120361328125]], [[979.4328002929688, 1344.5003662109375]], [[1017.9620971679688, 1345.0076904296875]], [[1056.547119140625, 1345.4439697265625]], [[782.24072265625, 1374.7308349609375]], [[820.0880126953125, 1375.3369140625]], [[858.067626953125, 1375.763916015625]], [[896.2923583984375, 1376.2440185546875]], [[934.5985107421875, 1376.7247314453125]], [[973.2236328125, 1377.353759765625]], [[1011.9361572265625, 1377.884521484375]], [[1050.7122802734375, 1378.4091796875]], [[774.9957275390625, 1407.35107421875]], [[813.0978393554688, 1407.9903564453125]], [[851.2245483398438, 1408.6142578125]], [[889.6552124023438, 1409.2349853515625]], [[928.2120971679688, 1409.877197265625]], [[967.002197265625, 1410.4671630859375]], [[1005.84130859375, 1411.1861572265625]], [[1044.8699951171875, 1411.7615966796875]], [[767.7252807617188, 1440.2899169921875]], [[805.9431762695312, 1441.033935546875]], [[844.35546875, 1441.7283935546875]], [[882.89306640625, 1442.5009765625]], [[921.59033203125, 1443.259521484375]], [[960.6229858398438, 1443.987060546875]], [[999.6998901367188, 1444.7108154296875]], [[1038.832275390625, 1445.516357421875]]], "270": [[[860.7365112304688, 1280.2833251953125]], [[899.5245361328125, 1280.1358642578125]], [[938.1123046875, 1279.93994140625]], [[976.4669799804688, 1279.802978515625]], [[1014.6875610351562, 1279.6636962890625]], [[1052.7020263671875, 1279.48828125]], [[1090.5577392578125, 1279.4490966796875]], [[1128.1353759765625, 1279.306396484375]], [[866.3710327148438, 1312.5428466796875]], [[905.3463745117188, 1312.356689453125]], [[944.0391845703125, 1312.134033203125]], [[982.6337890625, 1311.9527587890625]], [[1020.937744140625, 1311.72216796875]], [[1059.2705078125, 1311.6243896484375]], [[1097.1666259765625, 1311.41259765625]], [[1134.87548828125, 1311.302001953125]], [[872.0712280273438, 1345.203857421875]], [[911.1736450195312, 1344.843994140625]], [[950.1766967773438, 1344.6951904296875]], [[988.7930908203125, 1344.3995361328125]], [[1027.3238525390625, 1344.137939453125]], [[1065.7559814453125, 1343.9329833984375]], [[1103.8707275390625, 1343.6820068359375]], [[1141.746826171875, 1343.4964599609375]], [[877.776123046875, 1378.104736328125]], [[917.0993041992188, 1377.7803955078125]], [[956.1923217773438, 1377.521484375]], [[995.0872802734375, 1377.2830810546875]], [[1033.7593994140625, 1376.9129638671875]], [[1072.3486328125, 1376.618408203125]], [[1110.6031494140625, 1376.3992919921875]], [[1148.6673583984375, 1376.2222900390625]], [[883.5947875976562, 1411.49365234375]], [[923.0791015625, 1411.14208984375]], [[962.363037109375, 1410.7574462890625]], [[1001.398681640625, 1410.3746337890625]], [[1040.2999267578125, 1410.1258544921875]], [[1078.96826171875, 1409.775634765625]], [[1117.457763671875, 1409.4776611328125]], [[1155.6014404296875, 1409.1610107421875]], [[889.4495849609375, 1445.14013671875]], [[929.1986694335938, 1444.76513671875]], [[968.54541015625, 1444.3089599609375]], [[1007.7694702148438, 1443.983642578125]], [[1046.7205810546875, 1443.5281982421875]], [[1085.7369384765625, 1443.2249755859375]], [[1124.32861328125, 1442.7657470703125]], [[1162.650390625, 1442.4803466796875]]],