{
    "angle_factor": 1.0000483084493985,
    "cam_focal_length_x": 5456.0754846712152,
    "cam_focal_length_y": 5452.7996682766407,
    "cam_height_image": 2448,
    "cam_origin_axis": [
        1.0,
        0.0,
        0.0,
        0.0,
        0.0,
        0.0,
        -1.0,
        0.0,
        0.0,
        1.0,
        0.0,
        0.0,
        0.0,
        0.0,
        0.0,
        1.0
    ],
    "cam_pos_x": 7.059383853613066,
    "cam_pos_y": -5568.9183224370881,
    "cam_pos_z": 0.0,
    "cam_rot_x": 6.281033077780263,
    "cam_rot_y": 0.0,
    "cam_rot_z": 0.0049478886225614556,
    "cam_width_image": 2048,
    "target_1_pos_x": -33.309498178930085,
    "target_1_pos_y": -253.8438078436823,
    "target_1_pos_z": 177.04152731447701,
    "target_1_rot_x": 4.1257349026528445,
    "target_1_rot_y": 3.1562697300568203,
    "target_1_rot_z": 5.5057655912070187,
    "target_2_pos_x": 9.5183073076075875,
    "target_2_pos_y": 267.53097351401055,
    "target_2_pos_z": -128.15309286292401,
    "target_2_rot_x": 4.1124322329392555,
    "target_2_rot_y": 3.1065206226077429,
    "target_2_rot_z": 2.3505458044927292
}