{
    "angle_factor": 1.0000544109211518,
    "cam_focal_length_x": 5445.8747353807603,
    "cam_focal_length_y": 5439.5586481847349,
    "cam_height_image": 2448,
    "cam_origin_axis": [
        1.0,
        0.0,
        0.0,
        0.0,
        0.0,
        0.0,
        -1.0,
        0.0,
        0.0,
        1.0,
        0.0,
        0.0,
        0.0,
        0.0,
        0.0,
        1.0
    ],
    "cam_pos_x": -12.90481501039158,
    "cam_pos_y": -5526.7249910364517,
    "cam_pos_z": 0.0,
    "cam_rot_x": 0.003738238355641155,
    "cam_rot_y": 0.0,
    "cam_rot_z": 0.0047920139381872262,
    "cam_width_image": 2048,
    "target_1_pos_x": -36.690785258695847,
    "target_1_pos_y": -255.83718825663587,
    "target_1_pos_z": 219.54243100277898,
    "target_1_rot_x": 4.1143043568980788,
    "target_1_rot_y": 3.1600087976905873,
    "target_1_rot_z": 5.5028237561358271,
    "target_2_pos_x": 8.5406329063844399,
    "target_2_pos_y": 268.59134928221158,
    "target_2_pos_z": -87.547180023227199,
    "target_2_rot_x": 5.3123684049439603,
    "target_2_rot_y": 6.2446854336378284,
    "target_2_rot_z": 5.4836954894258616
}