{
    "angle_factor": 1.0002073016511916,
    "cam_focal_length_x": 3786.0579477557826,
    "cam_focal_length_y": 3772.9406105109883,
    "cam_height_image": 2048,
    "cam_origin_axis": [
        0.0,
        -1.0,
        0.0,
        0.0,
        1.0,
        0.0,
        0.0,
        0.0,
        0.0,
        0.0,
        1.0,
        0.0,
        0.0,
        0.0,
        0.0,
        1.0
    ],
    "cam_pos_x": -4.435451993265362,
    "cam_pos_y": -12.565627898243488,
    "cam_pos_z": 2660.4649694928171,
    "cam_rot_x": 6.2828443702797045,
    "cam_rot_y": 6.2811967015713854,
    "cam_rot_z": 6.1256783279369582,
    "cam_width_image": 2448
}