{
    "angle_factor": 1.0000483084493985,
    "cam_focal_length_x": 3953.6746351190077,
    "cam_focal_length_y": 3951.4137011820976,
    "cam_height_image": 2048,
    "cam_origin_axis": [
        0.0,
        -1.0,
        0.0,
        0.0,
        1.0,
        0.0,
        0.0,
        0.0,
        0.0,
        0.0,
        1.0,
        0.0,
        0.0,
        0.0,
        0.0,
        1.0
    ],
    "cam_pos_x": -95.483111436891861,
    "cam_pos_y": -12.513128683429111,
    "cam_pos_z": 2429.8166732683699,
    "cam_rot_x": 6.2473581760832086,
    "cam_rot_y": 0.0052416624687362202,
    "cam_rot_z": 4.7143991213565339,
    "cam_width_image": 2448
}