{
    "angle_factor": 1.0000544109211518,
    "cam_focal_length_x": 3864.5082701132305,
    "cam_focal_length_y": 3865.4849091550409,
    "cam_height_image": 2048,
    "cam_origin_axis": [
        0.0,
        -1.0,
        0.0,
        0.0,
        1.0,
        0.0,
        0.0,
        0.0,
        0.0,
        0.0,
        1.0,
        0.0,
        0.0,
        0.0,
        0.0,
        1.0
    ],
    "cam_pos_x": -16.8028124546863,
    "cam_pos_y": -11.993240827790872,
    "cam_pos_z": 2516.1189136896714,
    "cam_rot_x": 0.0045465543870243513,
    "cam_rot_y": 0.0051194244811514208,
    "cam_rot_z": 4.7172153105399435,
    "cam_width_image": 2448
}