{
    "cam_focal_length_x": 4658.9606455859821,
    "cam_focal_length_y": 4656.3101324679164,
    "cam_height_image": 2454,
    "cam_origin_axis": [
        0.0,
        0.0,
        1.0,
        0.0,
        1.0,
        0.0,
        0.0,
        0.0,
        0.0,
        1.0,
        0.0,
        0.0,
        0.0,
        0.0,
        0.0,
        1.0
    ],
    "cam_pos_x": 5429.6428221129081,
    "cam_pos_y": 0.0,
    "cam_pos_z": 0.0,
    "cam_rot_x": 0.0072991360096778439,
    "cam_rot_y": 0.0013685241521923864,
    "cam_rot_z": 6.2796913580225757,
    "cam_width_image": 2056,
    "target_1_pos_x": 243.83254674798002,
    "target_1_pos_y": -37.080837371527686,
    "target_1_pos_z": 386.16358779382477,
    "target_1_rot_x": 4.9623766894625705,
    "target_1_rot_y": 0.13191126406513906,
    "target_1_rot_z": 3.9688438828747139,
    "target_2_pos_x": -259.99353896610387,
    "target_2_pos_y": 4.2764777954447597,
    "target_2_pos_z": 344.41725068847558,
    "target_2_rot_x": 5.0055136254660688,
    "target_2_rot_y": 6.1237275698259843,
    "target_2_rot_z": 0.63135401080931264
}