{"y_rotation": 4.4643911084308359, "x_rotation": 0.04090153166128907, "z_rotation": 4.7881566049582815, "y": 166.12815317433382, "x": -182.28234190388778, "z": -387.17447170350567}