{"focal_matrix": [4789.643738508104, 0.0, 1018.8790662843713, 0.0, 4793.495302002801, 1130.289826435921, 0.0, 0.0, 1.0], "rotation_vectors": {"0.0": [-0.2708647521057927, -0.870786233733028, -0.06180366639690278], "3.0": [-0.27375536589087845, -0.8197547821110849, -0.05377137716301112], "6.0": [-0.2745397394409557, -0.7685170080259148, -0.04901937262147342], "9.0": [-0.27498430486156505, -0.7158059629895126, -0.04428251360796646], "12.0": [-0.27602739387685377, -0.6632772200460585, -0.03806931004500273], "15.0": [-0.27712205832060627, -0.6117756670714649, -0.031477904192245686], "18.0": [-0.27797674784594156, -0.5593883739539377, -0.025717547270941554], "21.0": [-0.2786226364470625, -0.5061818268567442, -0.020163300983244325], "24.0": [-0.27907248939622586, -0.4543112226221171, -0.01420045621444471], "27.0": [-0.2794730685168441, -0.4029031413682966, -0.008234629754565839], "30.0": [-0.27949560452012406, -0.3502821103066538, -0.0024934403861227687], "33.0": [-0.27974903214191604, -0.2983161981586594, 0.0033375528043058248], "36.0": [-0.280134131520092, -0.2458120853888227, 0.00925676931016115], "39.0": [-0.2802724577105201, -0.19285289406048042, 0.014931979458466008], "42.0": [-0.28017092298000096, -0.14157401487455837, 0.020650258808746172], "45.0": [-0.28006950288878263, -0.08937265536912745, 0.02641846639375138], "48.0": [-0.27955228302726876, -0.037538775953511155, 0.032247057221000686], "51.0": [-0.27863463288183943, 0.013822726809309177, 0.03786834590789031], "54.0": [-0.2771258027786931, 0.0660752516461322, 0.04363295456524484], "57.0": [-0.2757596964434145, 0.11811986926358338, 0.04932583997473212], "60.0": [-0.2742787045175456, 0.17007843533293343, 0.054973364203978206], "63.0": [-0.27266667235087944, 0.22226291455525948, 0.060635599889689355], "66.0": [-0.27112375182992343, 0.27516177998952585, 0.06637240102128918], "69.0": [-0.26930824644305007, 0.32651051259255215, 0.07186582866166899], "72.0": [-0.2672740326556616, 0.3798067252345422, 0.0775322850277123], "75.0": [-0.26518768736737114, 0.43216691234353555, 0.08316601631194435], "78.0": [-0.2632595685799826, 0.4842360192072869, 0.08877566196314914], "81.0": [-0.2611729618392932, 0.5363576830207538, 0.09443654563428673], "84.0": [-0.25900527684862146, 0.5893689844696772, 0.099985637476571], "87.0": [-0.2566054627915492, 0.6407546971239638, 0.10541578276374879], "90.0": [-0.25400230836576904, 0.694072139655898, 0.1110350705998664], "93.0": [-0.2516498102071131, 0.746472537169546, 0.11656877578884205], "96.0": [-0.24892203903854462, 0.7985389605556766, 0.12207271277581098], "354.0": [-0.2680499901349147, -0.976476244018224, -0.07377476968818814], "99.0": [-0.24591585585840406, 0.8503902860970881, 0.12754080805009715], "357.0": [-0.26975446050028784, -0.924427962851354, -0.06773906701977975], "102.0": [-0.24294444348980365, 0.9031726331560714, 0.13306222583124427], "105.0": [-0.23978039862706776, 0.9556485688065256, 0.13848542507397846], "108.0": [-0.23647158500609586, 1.007452371486557, 0.14388735251325305]}, "distortion_coefficient": [0.0, 0.0, 0.0, 0.0, 0.0], "translation_vectors": {"0.0": [40.94773198818658, -240.25131620992448, 5343.066558656631], "3.0": [29.962792834995767, -240.7291686468326, 5343.318083990255], "6.0": [16.42748757403445, -240.65824093170184, 5341.477307167866], "9.0": [2.312622310521483, -240.52508596146703, 5339.750059543095], "12.0": [-10.538908347199369, -240.57707129314878, 5339.986238431797], "15.0": [-22.51722622138198, -240.7005132498278, 5341.45274297282], "18.0": [-35.54015286824375, -240.67165041272222, 5342.409767889708], "21.0": [-48.79393109168864, -240.5790406222812, 5344.813168985762], "24.0": [-61.13620281808805, -240.53592385841318, 5347.346362553769], "27.0": [-73.19552659339458, -240.48307303589328, 5350.590280731229], "30.0": [-85.53682302169214, -240.3622946487104, 5354.70212234739], "33.0": [-97.3486509146523, -240.26251165586356, 5359.827781650572], "36.0": [-108.97903077454238, -240.13482806517797, 5364.9406886866245], "39.0": [-120.44744734739196, -239.94329511401332, 5370.944795324286], "42.0": [-131.30390868382273, -239.75687159215718, 5376.552618032546], "45.0": [-141.86765835862954, -239.56535769877087, 5383.538314465113], "48.0": [-152.14851129470054, -239.35996786686405, 5391.129435364955], "51.0": [-161.8711273512219, -239.15780715732942, 5399.963639254504], "54.0": [-171.13356832239066, -238.96409951169701, 5409.245939604356], "57.0": [-180.09510558894522, -238.74531686558333, 5419.0129522522], "60.0": [-188.38447223857898, -238.51383049220797, 5429.667155795314], "63.0": [-196.2132359954112, -238.26694917904325, 5440.491562162437], "66.0": [-203.55543430719203, -238.00489709477665, 5451.987043982477], "69.0": [-210.14239798718035, -237.72257077101847, 5463.117339474352], "72.0": [-216.24239378697362, -237.41381874753998, 5474.254007472633], "75.0": [-221.82740638171077, -237.1526926202732, 5487.582824142701], "78.0": [-226.6532823008169, -236.83055982720774, 5499.365016819418], "81.0": [-230.85381715420672, -236.52275898087132, 5511.324482773341], "84.0": [-234.4384495306015, -236.1634821448138, 5523.799200278837], "87.0": [-237.2724035688056, -235.83846675474737, 5536.37132517408], "90.0": [-239.53239229873498, -235.48973871319507, 5549.2144756975595], "93.0": [-241.14950356931465, -235.1153839232811, 5562.169085987954], "96.0": [-242.06445317038822, -234.76502540391374, 5575.023334740343], "354.0": [66.57097756790303, -240.28466862484, 5348.259102845492], "99.0": [-242.32294749449963, -234.4222895750419, 5588.010086723337], "357.0": [54.03651454205123, -240.4342195701106, 5345.624710540045], "102.0": [-241.9008981409516, -234.0832781956665, 5601.538133624609], "105.0": [-240.76705789731452, -233.68651950562372, 5613.602496909102], "108.0": [-239.07405408935637, -233.37247474132812, 5627.432291343232]}}