{"focal_length_y": 4218.8344112819859, "focal_length_x": 4223.0739540309387, "z_rotation": 6.2825825109297551, "x_rotation": 0.0055607929786510553, "distance_to_rotation_axe": 5450.8576939886498, "y_rotation": 4.809785417506327, "size_image": [2048, 2448], "zero_offset": 6.1780268653765589}