{"y_rotation": 3.362215749841194, "x_rotation": 0.93968722484114942, "z_rotation": 2.9621919355530633, "y": -232.28890189796641, "x": -186.96578002863765, "z": 203.96079972105096}