{"focal_length_y": 4517.9531395953682, "focal_length_x": 4521.3476510503378, "z_rotation": 0.0093929368389921893, "x_rotation": 6.2783749423769208, "distance_to_rotation_axe": 5529.2070376679212, "y_rotation": 1.5547117924068488, "size_image": [2048, 2448], "zero_offset": 3.1551763152620325}