{"y_rotation": 3.2841282357471742, "x_rotation": 0.94053161944699148, "z_rotation": 3.0614303309372124, "y": -182.42841198409286, "x": -227.22312488777916, "z": -99.677016595732781}