{"y_rotation": 0.12582142932354812, "x_rotation": 2.1885747424549806, "z_rotation": 3.0331097188413034, "y": 207.93584182889916, "x": 212.19998001390371, "z": 195.22266119620394}