{"y_rotation": 0.23802882905336276, "x_rotation": 2.2350066527616228, "z_rotation": 2.9742450260126572, "y": 207.4336722794225, "x": 203.12553731324562, "z": -89.721012607562727}